{
  "dataset": "DeepSeek-hard",
  "num_samples": 1440,
  "labels": [
    "负面",
    "中性",
    "正面"
  ],
  "results": {
    "Base Qwen3-8B": {
      "accuracy": 0.625,
      "macro_f1": 0.5948109941017743,
      "weighted_f1": 0.5948109941017743,
      "confusion_matrix": [
        [
          477,
          3,
          0
        ],
        [
          129,
          267,
          84
        ],
        [
          183,
          141,
          156
        ]
      ]
    },
    "DeepSeek-v4-pro": {
      "accuracy": 0.9402777777777778,
      "macro_f1": 0.9388948046805562,
      "weighted_f1": 0.9388948046805562,
      "confusion_matrix": [
        [
          479,
          1,
          0
        ],
        [
          29,
          398,
          53
        ],
        [
          0,
          3,
          477
        ]
      ]
    },
    "Qwen3-8B LoRA step300": {
      "accuracy": 0.9861111111111112,
      "macro_f1": 0.9861195207278062,
      "weighted_f1": 0.9861195207278062,
      "confusion_matrix": [
        [
          477,
          3,
          0
        ],
        [
          9,
          470,
          1
        ],
        [
          0,
          7,
          473
        ]
      ]
    }
  }
}