{
  "accuracy": 0.625,
  "macro_f1": 0.5948109941017743,
  "weighted_f1": 0.5948109941017743,
  "labels": [
    "负面",
    "中性",
    "正面"
  ],
  "confusion_matrix": [
    [
      477,
      3,
      0
    ],
    [
      129,
      267,
      84
    ],
    [
      183,
      141,
      156
    ]
  ],
  "classification_report": {
    "负面": {
      "precision": 0.6045627376425855,
      "recall": 0.99375,
      "f1-score": 0.75177304964539,
      "support": 480.0
    },
    "中性": {
      "precision": 0.6496350364963503,
      "recall": 0.55625,
      "f1-score": 0.5993265993265994,
      "support": 480.0
    },
    "正面": {
      "precision": 0.65,
      "recall": 0.325,
      "f1-score": 0.43333333333333335,
      "support": 480.0
    },
    "accuracy": 0.625,
    "macro avg": {
      "precision": 0.6347325913796453,
      "recall": 0.625,
      "f1-score": 0.5948109941017743,
      "support": 1440.0
    },
    "weighted avg": {
      "precision": 0.6347325913796453,
      "recall": 0.625,
      "f1-score": 0.5948109941017743,
      "support": 1440.0
    }
  },
  "per_domain": {
    "医疗健康": {
      "total": 180,
      "correct": 123,
      "accuracy": 0.6833333333333333
    },
    "娱乐": {
      "total": 180,
      "correct": 113,
      "accuracy": 0.6277777777777778
    },
    "教育": {
      "total": 180,
      "correct": 129,
      "accuracy": 0.7166666666666667
    },
    "数码科技": {
      "total": 180,
      "correct": 86,
      "accuracy": 0.4777777777777778
    },
    "旅行": {
      "total": 180,
      "correct": 110,
      "accuracy": 0.6111111111111112
    },
    "美食": {
      "total": 180,
      "correct": 104,
      "accuracy": 0.5777777777777777
    },
    "购物": {
      "total": 180,
      "correct": 116,
      "accuracy": 0.6444444444444445
    },
    "运动健身": {
      "total": 180,
      "correct": 119,
      "accuracy": 0.6611111111111111
    }
  },
  "num_samples": 1440
}