{
  "base_model_path": "./models/Qwen3-8B",
  "lora_path": "./models/qwen3-8b-lora-deepseek-hard-step300",
  "accuracy": 0.9861111111111112,
  "macro_f1": 0.9861195207278062,
  "weighted_f1": 0.9861195207278062,
  "labels": [
    "负面",
    "中性",
    "正面"
  ],
  "confusion_matrix": [
    [
      477,
      3,
      0
    ],
    [
      9,
      470,
      1
    ],
    [
      0,
      7,
      473
    ]
  ],
  "classification_report": {
    "负面": {
      "precision": 0.9814814814814815,
      "recall": 0.99375,
      "f1-score": 0.9875776397515528,
      "support": 480.0
    },
    "中性": {
      "precision": 0.9791666666666666,
      "recall": 0.9791666666666666,
      "f1-score": 0.9791666666666666,
      "support": 480.0
    },
    "正面": {
      "precision": 0.9978902953586498,
      "recall": 0.9854166666666667,
      "f1-score": 0.9916142557651991,
      "support": 480.0
    },
    "accuracy": 0.9861111111111112,
    "macro avg": {
      "precision": 0.9861794811689326,
      "recall": 0.9861111111111112,
      "f1-score": 0.9861195207278062,
      "support": 1440.0
    },
    "weighted avg": {
      "precision": 0.9861794811689326,
      "recall": 0.9861111111111112,
      "f1-score": 0.9861195207278062,
      "support": 1440.0
    }
  },
  "per_domain": {
    "医疗健康": {
      "total": 180,
      "correct": 178,
      "accuracy": 0.9888888888888889
    },
    "娱乐": {
      "total": 180,
      "correct": 179,
      "accuracy": 0.9944444444444445
    },
    "教育": {
      "total": 180,
      "correct": 178,
      "accuracy": 0.9888888888888889
    },
    "数码科技": {
      "total": 180,
      "correct": 176,
      "accuracy": 0.9777777777777777
    },
    "旅行": {
      "total": 180,
      "correct": 178,
      "accuracy": 0.9888888888888889
    },
    "美食": {
      "total": 180,
      "correct": 179,
      "accuracy": 0.9944444444444445
    },
    "购物": {
      "total": 180,
      "correct": 174,
      "accuracy": 0.9666666666666667
    },
    "运动健身": {
      "total": 180,
      "correct": 178,
      "accuracy": 0.9888888888888889
    }
  },
  "num_samples": 1440
}